{
    "ell": [
        49.5,
        99.5,
        149.5,
        199.5,
        249.5,
        299.5,
        349.5,
        399.5,
        449.5,
        499.5,
        549.5,
        599.5,
        649.5,
        699.5,
        749.5,
        799.5,
        849.5,
        899.5,
        949.5,
        999.5
    ],
    "cls_fid": {
        "s01": [
            5.77863e-05,
            2.75166e-05,
            1.80729e-05,
            1.36614e-05,
            1.14508e-05,
            9.57636e-06,
            8.71658e-06,
            8.05131e-06,
            7.70068e-06,
            7.29362e-06,
            6.87774e-06,
            6.67267e-06,
            6.47565e-06,
            6.34533e-06,
            6.08547e-06,
            6.08745e-06,
            5.90608e-06,
            5.86717e-06,
            5.73836e-06,
            5.68207e-06
        ],
        "s02": [
            3.71268e-05,
            2.1118e-05,
            1.37087e-05,
            1.02862e-05,
            8.27319e-06,
            7.02127e-06,
            6.06311e-06,
            5.3826e-06,
            5.03996e-06,
            4.54497e-06,
            4.45178e-06,
            4.26173e-06,
            4.07403e-06,
            3.96581e-06,
            3.86267e-06,
            3.76538e-06,
            3.60373e-06,
            3.53493e-06,
            3.47367e-06,
            3.37963e-06
        ],
        "s03": [
            3.20959e-05,
            1.84951e-05,
            1.36283e-05,
            9.4864e-06,
            7.95389e-06,
            6.56353e-06,
            5.98658e-06,
            5.19932e-06,
            4.79389e-06,
            4.56045e-06,
            4.18038e-06,
            4.03835e-06,
            3.84659e-06,
            3.71772e-06,
            3.64747e-06,
            3.48127e-06,
            3.40557e-06,
            3.3409e-06,
            3.29717e-06,
            3.23828e-06
        ],
        "s04": [
            2.40282e-05,
            1.41248e-05,
            1.09218e-05,
            8.04021e-06,
            6.67915e-06,
            5.78564e-06,
            5.0502e-06,
            4.72013e-06,
            4.39979e-06,
            4.12327e-06,
            4.01639e-06,
            3.70358e-06,
            3.61331e-06,
            3.52224e-06,
            3.3981e-06,
            3.32956e-06,
            3.31129e-06,
            3.21309e-06,
            3.16526e-06,
            3.16098e-06
        ]
    },
    "cls_ext": {
        "s01": [
            4.63498e-05,
            2.11125e-05,
            1.32206e-05,
            9.43196e-06,
            7.66456e-06,
            6.2159e-06,
            5.55431e-06,
            4.91347e-06,
            4.56787e-06,
            4.30239e-06,
            3.93154e-06,
            3.77201e-06,
            3.6021e-06,
            3.48411e-06,
            3.32127e-06,
            3.22337e-06,
            3.13559e-06,
            3.08129e-06,
            2.99467e-06,
            2.97141e-06
        ],
        "s02": [
            2.99294e-05,
            1.66632e-05,
            1.04431e-05,
            7.65682e-06,
            5.97358e-06,
            4.81502e-06,
            4.10483e-06,
            3.59277e-06,
            3.26072e-06,
            2.90369e-06,
            2.78033e-06,
            2.62215e-06,
            2.47923e-06,
            2.36545e-06,
            2.27197e-06,
            2.20856e-06,
            2.08379e-06,
            2.05448e-06,
            1.98833e-06,
            1.93355e-06
        ],
        "s03": [
            2.35068e-05,
            1.33686e-05,
            9.49182e-06,
            6.3539e-06,
            5.17168e-06,
            4.20152e-06,
            3.7103e-06,
            3.14721e-06,
            2.7797e-06,
            2.57183e-06,
            2.3422e-06,
            2.21946e-06,
            2.04749e-06,
            1.95908e-06,
            1.90613e-06,
            1.80941e-06,
            1.75546e-06,
            1.68187e-06,
            1.6071e-06,
            1.61307e-06
        ],
        "s04": [
            1.76453e-05,
            1.00853e-05,
            7.42002e-06,
            5.26769e-06,
            4.16969e-06,
            3.44412e-06,
            2.88704e-06,
            2.56844e-06,
            2.32726e-06,
            2.1274e-06,
            1.96511e-06,
            1.83834e-06,
            1.7811e-06,
            1.6454e-06,
            1.57786e-06,
            1.54088e-06,
            1.4737e-06,
            1.44475e-06,
            1.3861e-06,
            1.38357e-06
        ]
    }
}