{
    "theta(deg)": [
        0.006,
        0.0085,
        0.0121,
        0.0172,
        0.0245,
        0.0349,
        0.0497,
        0.0707,
        0.1007,
        0.1433,
        0.204,
        0.2905,
        0.4135,
        0.5887,
        0.8381
    ],
    "wth_fid": {
        "s01": [
            2.44765,
            1.76765,
            1.21355,
            0.830177,
            0.534866,
            0.364823,
            0.252731,
            0.191096,
            0.150247,
            0.117646,
            0.0890634,
            0.0663692,
            0.0481547,
            0.0334911,
            0.0220082
        ],
        "s02": [
            1.91966,
            1.34381,
            0.907031,
            0.593885,
            0.386593,
            0.266244,
            0.204342,
            0.156533,
            0.122357,
            0.0931465,
            0.0702392,
            0.0515839,
            0.0360397,
            0.0236808,
            0.0137534
        ],
        "s03": [
            1.98751,
            1.33308,
            0.854765,
            0.536493,
            0.36058,
            0.257584,
            0.198705,
            0.154117,
            0.119526,
            0.0891288,
            0.065683,
            0.046893,
            0.0318212,
            0.0200503,
            0.0116465
        ],
        "s04": [
            1.41674,
            0.910057,
            0.577726,
            0.370143,
            0.257997,
            0.193585,
            0.149095,
            0.116663,
            0.0890954,
            0.0670406,
            0.0490103,
            0.0347968,
            0.0229695,
            0.0144483,
            0.00816114
        ]
    },
    "wth_ext": {
        "s01": [
            1.82051,
            1.32443,
            0.91802,
            0.628034,
            0.424368,
            0.293009,
            0.20912,
            0.158594,
            0.123643,
            0.096475,
            0.0739338,
            0.055307,
            0.0397912,
            0.0279311,
            0.0184005
        ],
        "s02": [
            1.44718,
            1.00334,
            0.680497,
            0.457077,
            0.311946,
            0.220103,
            0.166491,
            0.128536,
            0.100359,
            0.0772179,
            0.0584518,
            0.0428111,
            0.0300188,
            0.0197224,
            0.0115772
        ],
        "s03": [
            1.36845,
            0.92135,
            0.602517,
            0.396716,
            0.271024,
            0.196921,
            0.149248,
            0.115988,
            0.0901134,
            0.0676754,
            0.0503925,
            0.0359235,
            0.0243638,
            0.0152891,
            0.00883448
        ],
        "s04": [
            0.989352,
            0.646516,
            0.417982,
            0.278706,
            0.197393,
            0.148455,
            0.114277,
            0.0892756,
            0.0690052,
            0.0518548,
            0.0382466,
            0.0271625,
            0.0179412,
            0.011249,
            0.00616015
        ]
    }
}